SKU,Categoria,Marca,Nombre,Nombre en espanol,Presentacion,Precio COP,Stock,Verificada,Entra al Training
AliCel-281,Alimentos y Bebidas,Celsius,Sparkling Lemon Lime,Bebida energética sabor limón,Pack de 14 latas de 355 ml cada una,95000,9,si,si
AliCel-280,Alimentos y Bebidas,CELSIUS,On-The-Go Powder Stick (Orange),"Sobre en polvo para bebida energética, naranja",Caja con 14 sobres individuales,95000,0,si,no
AniMil-002,Animales y mascotas,Milk-Bone,Original Biscuits · Large,"Galletas para perro, tamaño grande",Caja de 680 g (24 oz),54952,13,si,si
AniMil-001,Animales y mascotas,Milk-Bone,Original Biscuits · Medium,"Galletas para perro, tamaño mediano",Caja de 24 onzas (680 g),52673,10,si,si
AniCos-141,Animales y mascotas,"Nutramax Laboratories, Veterinary Sciences, Inc.",Cosequin® Maximum Strength Plus MSM,Soporte articular para perros en tabletas masticables,Frasco de 180 tabletas masticables,170483,7,si,si
AniPip-316,Animales y mascotas,Piping Rock,Digestive Aid Probiotics for Dogs & Cats,Probióticos digestivos para perros y gatos,Envase con 120 tabletas masticables,43861,0,si,no
AniVit-001,Animales y mascotas,Vital Essentials,Freeze-Dried Raw Minnows Cat Treats,"Pececitos liofilizados, premio para gatos","Bolsa de 1 oz (28,3 g)",81292,1,si,si
Beba+D-406,Bebes,A+D,Prevent & Heal Original Ointment,Ungüento para la pañalitis,Tubo de 113 g (4 oz),60000,14,si,si
BebAqu-163,Bebes,Aquaphor,Baby 3-in-1 Diaper Rash Cream,Crema para pañalitis 3 en 1,Tubo de 99 g,60000,2,si,si
Bebdes-407,Bebes,Desitin (Kenvue Brands LLC),Multi-Purpose Healing Ointment,Ungüento cicatrizante multiusos,Tubo de 99 g (3.5 oz),42901,19,si,si
BebDrb-001,Bebes,Dr. Brown's,Anti-colic Options+ Bottle to Sippy — Kit de Inicio,"Kit anticólico de transición, de biberón a vaso","Kit que incluye biberón de 270 mL (9 oz), tetina Nivel 3, boquilla de transición (sippy spout) y cepillo de limpieza.",30000,1,si,si
BebEuc-388,Bebes,Eucerin,Baby Eczema Relief Cream Body Wash,Jabón líquido en crema para eczema en bebés,Botella de 400 mL,77752,2,si,si
BebMed-383,Bebes,Medela,Bolsas para almacenar leche materna,"",Caja con 100 unidades,,0,no,no
BebMed-230,Bebes,Medela,Harmony — Extractor de leche manual,"","Unidad individual que incluye extractor manual, embudo PersonalFit Flex de 24 mm y biberón de 150 mL",,0,no,no
BebMed-393,Bebes,Medela,Recolector de leche materna de silicona,"",Unidad individual de 100 mL,82346,0,si,no
BebMed-394,Bebes,Medela,Set Medela Harmony (Extractor manual + Recolector de silicona),"",Set que incluye un extractor de leche manual Harmony y un recolector de leche materna de silicona de 100 mL,,0,no,no
BebMom-001,Bebes,Momcozy,Extractor de Leche Eléctrico Manos Libres Momcozy M5,"",Extractor de leche portátil tipo wearable (se coloca dentro del sujetador) con motor y copa integrados,635700,0,si,no
BebMom-003,Bebes,Momcozy,Juego de colector de repuesto para extractor Momcozy M5,"","Juego de 4 piezas: 1 colector de 160 mL, 1 embudo de 24 mm, 1 válvula y 1 diafragma",78274,12,si,si
BebMom-002,Bebes,Momcozy,Kit de limpieza de biberones 7 en 1,"",Kit compacto de viaje con estuche de almacenamiento y organizador,45856,11,si,si
BelLum-001,Belleza y cuidado personal,Bausch + Lomb,LUMIFY Redness Reliever Eye Drops,Gotas para el enrojecimiento de los ojos,Frasco gotero oftálmico,115000,8,si,si
BelCoe-331,Belleza y cuidado personal,Coera,Niacinamide Serum with Zinc,Sérum de niacinamida con zinc,Frasco de 118 ml (4 fl oz),60000,9,si,si
BelFix-001,Belleza y cuidado personal,Fixodent (Procter & Gamble),Extra Hold Denture Adhesive Powder,Polvo adhesivo para prótesis dental,Envase de 76 g (2.7 oz),50000,56,si,si
BelDif-001,Belleza y cuidado personal,Galderma,Differin Adapalene Gel 0.1% Acne Treatment,Gel de adapaleno 0.1% para el acné,Tubo de 15 g,62604,11,si,si
BelJus-001,Belleza y cuidado personal,Just For Men (Combe Incorporated),Mustache & Beard (Color Gel),Gel para cubrir canas en barba y bigote,"Kit que incluye tubo de base colorante, tubo de revelador, bandeja de mezcla y brocha aplicadora.",100000,12,si,si
BelLis-001,Belleza y cuidado personal,LISTERINE,Pocketmist Cool Mint,"Espray refrescante de aliento, menta",Envase portátil en spray de 7.7 ml,50000,6,si,si
BelMaj-001,Belleza y cuidado personal,Majestic Pure Cosmeceuticals,Majestic Pure USDA Organic Castor Oil,Aceite de ricino orgánico,8 fl oz (236 ml),75000,15,si,si
BelOgx-001,Belleza y cuidado personal,OGX,Renewing + Argan Oil of Morocco Penetrating Oil,Aceite penetrante de argán de Marruecos,Frasco de 3.3 onzas líquidas (100 ml),55000,12,si,si
Belrem-421,Belleza y cuidado personal,Remington,Plancha Alisadora Remington S5500,"",Dispositivo con placas de 1 pulgada (110 mm),108468,11,si,si
BelRev-117,Belleza y cuidado personal,Revlon,One-Step Volumizer PLUS,Cepillo secador y voluminizador,Cepillo secador eléctrico con cabezal ovalado desmontable de 2.4 pulgadas,240500,22,si,si
BelSch-304,Belleza y cuidado personal,Schwarzkopf (got2b),Got2b Glued Blasting Freeze Spray,Espray de fijación extra fuerte,Lata en aerosol de 12 oz (340 g),80000,12,si,si
BelOrd-194,Belleza y cuidado personal,The Ordinary,Azelaic Acid Suspension 10%,Suspensión de ácido azelaico al 10%,Tubo de 30 mL,80000,20,si,si
BelOrd-58,Belleza y cuidado personal,The Ordinary,Glycolic Acid 7% Toning Solution,Tónico exfoliante de ácido glicólico al 7%,Envase de 100 mL,70000,10,si,si
BelOrd-210,Belleza y cuidado personal,The Ordinary,Multi-Peptide Lash and Brow Serum,Sérum multipéptido para pestañas y cejas,Frasco de 5 ml,110000,0,si,no
BelOrd-55,Belleza y cuidado personal,The Ordinary,Niacinamide 10% + Zinc 1% High Strength Vitamin and Mineral Blemish Formula,Sérum de niacinamida al 10% con zinc al 1%,Frasco de 30 ml con gotero,55000,16,si,si
BelOrd-217,Belleza y cuidado personal,The Ordinary (DECIEM),Salicylic Acid 2% Solution,Solución de ácido salicílico al 2%,30 ml,55000,20,si,si
BelVic-462,Belleza y cuidado personal,Victoria's Secret,Bare Vanilla Fragrance Lotion,Loción corporal Bare Vanilla,236 mL (8 fl oz),64000,2,si,si
BelVic-457,Belleza y cuidado personal,Victoria's Secret,Bare Vanilla Fragrance Mist,Bruma corporal Bare Vanilla,250 ml (8.4 fl oz),64000,0,si,no
BelVic-459,Belleza y cuidado personal,Victoria's Secret,Love Spell Fragrance Mist,Bruma corporal Love Spell,Envase de 250 ml,60000,0,si,no
BelVic-458,Belleza y cuidado personal,Victoria's Secret,Pure Seduction Fragrance Mist,Bruma corporal Pure Seduction,250 ml (8.4 fl oz),60000,9,si,si
BelVic-461,Belleza y cuidado personal,Victoria's Secret,Velvet Petals Fragrance Mist,Bruma corporal Velvet Petals,Frasco de 250 mL (8.4 fl oz),65000,0,si,no
HogAff-001,Hogar,Affresh®,Washing Machine Cleaner Tablets,Tabletas limpiadoras para lavadora,Caja con 6 tabletas (peso neto 240 g),73850,39,si,si
JueHot-372,Juegos y juguetes,Hot Wheels (Mattel),Lil’ Roar – Safari Mode,"Carro de juguete, modo safari",Miniatura a escala 1:64 en blíster,24874,3,si,si
DEMO-CREATINA-001,Rendimiento deportivo,Super Store Demo,Creatina monohidratada,"",Frasco de 60 porciones,189000,"",si,si
SalBen-266,Salud y equipamento medico,Bengay (Kenvue Brands LLC),Ultra Strength Non-Greasy Topical Pain Relief Cream,"Crema para el dolor muscular, ultra fuerte",Tubo de 57 g (2 oz),65000,51,si,si
SalCar-334,Salud y equipamento medico,Carlyle,Alpha Lipoic Acid 600 mg plus Biotin,Ácido alfa lipoico con biotina,Frasco con 90 cápsulas de liberación rápida,83000,3,si,si
SalCar-365,Salud y equipamento medico,Carlyle,Astaxanthin with Coconut Oil,Astaxantina con aceite de coco,Frasco con 120 cápsulas blandas,88000,0,si,no
SalCar-362,Salud y equipamento medico,Carlyle,Berberine HCL,Clorhidrato de berberina,Frasco con 60 cápsulas vegetarianas,95000,59,si,si
SalCar-364,Salud y equipamento medico,Carlyle,Bitter Melon Complex,Melón amargo,Frasco con 200 cápsulas de liberación rápida,80000,2,si,si
SalCar-361,Salud y equipamento medico,Carlyle,Glucosamine Chondroitin MSM Turmeric,"Glucosamina, condroitina, MSM y cúrcuma",Frasco con 250 mini tabletas,61832,0,si,no
SalCar-360,Salud y equipamento medico,Carlyle,KSM-66 Ashwagandha + Melatonin,Ashwagandha KSM-66 con melatonina,70 cápsulas,75000,17,si,si
SalCar-335,Salud y equipamento medico,Carlyle,Lion's Mane,Melena de león,Frasco con 60 cápsulas vegetarianas,82000,13,si,si
SalCar-327,Salud y equipamento medico,Carlyle,Magnesium Glycinate + Ashwagandha Complex,Glicinato de magnesio con ashwagandha,Frasco con 120 cápsulas vegetarianas,61101,81,si,si
SalCar-299,Salud y equipamento medico,Carlyle,Oil of Oregano 4000 mg,Aceite de orégano,Frasco con 150 cápsulas blandas,75962,28,si,si
SalCar-363,Salud y equipamento medico,Carlyle,Turmeric Curcumin Complex 3000 mg,Cúrcuma con BioPerine,Frasco con 180 cápsulas de liberación rápida,120000,0,si,no
SalCar-301,Salud y equipamento medico,Carlyle,Turmeric Curcumin Complex with Black Pepper 1000 mg,Cúrcuma con pimienta negra,Frasco por 180 cápsulas,85000,41,si,si
SalCel-292,Salud y equipamento medico,Cellucor,C4 Sport Pre-Workout,Preentreno C4 Sport,Polvo (sabor Fruit Punch),115000,10,si,si
SalCel-290,Salud y equipamento medico,Celsius,Sparkling Wild Berry,Bebida energética sabor frutos rojos,Lata de 355 ml,100000,20,si,si
SalCen-371,Salud y equipamento medico,Centrum,MultiGummies for Women · 100 gomitas,Multivitamínico en gomitas para mujer,100 gomitas,80000,6,si,si
SalCen-369,Salud y equipamento medico,Centrum,MultiGummies for Women · 170 gomitas,Multivitamínico en gomitas para mujer,170 gomitas (rinde 85 días),125000,23,si,si
SalCen-370,Salud y equipamento medico,Centrum,MultiGummies Multi + Beauty,Multivitamínico en gomitas con soporte de belleza,Frasco de 100 gomitas,135000,11,si,si
SalCen-368,Salud y equipamento medico,Centrum,Silver Adults 50+,Multivitamínico para adultos de 50 años,Frasco de 325 tabletas,145000,1,si,si
SalDea-195,Salud y equipamento medico,Deal Supplement,Magnesium Glycinate 1000 mg Plus Vitamin C,Glicinato de magnesio con vitamina C,Frasco con 240 cápsulas,117741,0,si,no
SalDoc-398,Salud y equipamento medico,Doctor's Way,Collagen Complex,Colágeno con vitamina C y biotina,Frasco con 150 caplets,82000,4,si,si
SalDoc-397,Salud y equipamento medico,Doctor's Way,Glucosamina Condroitina MSM Cúrcuma,"",Envase con 200 comprimidos recubiertos,62609,10,si,si
SalDrv-130,Salud y equipamento medico,Dr. Vitamin Solutions,Nighttime Weight Loss,Apoyo nocturno para el control de peso,Frasco con 30 cápsulas,53325,9,si,si
SalDrv-160,Salud y equipamento medico,Dr. Vitamin Solutions,Thermogenic Fat Burner,Termogénico de apoyo metabólico,Frasco con 60 cápsulas,58050,13,si,si
SalEqu-385,Salud y equipamento medico,Equate,Extra Strength Acetaminophen,Acetaminofén extra fuerte,Frasco de 250 capletas,30000,15,si,si
SalFit-518,Salud y equipamento medico,Fitness Labs,Nitric Oxide Max,Precursores de óxido nítrico,Frasco con 120 cápsulas de liberación rápida,61555,0,si,no
SalFix-369,Salud y equipamento medico,Fixodent,Complete Original Denture Adhesive Cream,Crema adhesiva para prótesis dental,Tubo de 2.4 onzas (68 g),76939,0,si,no
Salhor-403,Salud y equipamento medico,Horbaach,Astaxantina 10 mg,"",Frasco con 60 cápsulas blandas,82000,13,si,si
SalHor-337,Salud y equipamento medico,Horbäach,Ashwagandha Root Extract (Max Strength),Extracto de raíz de ashwagandha,Frasco con 120 cápsulas,75000,7,si,si
SalHor-300,Salud y equipamento medico,Horbäach,Cranberry Concentrate Extract + Vitamin C,Concentrado de arándano rojo con vitamina C,Frasco con 120 cápsulas de liberación rápida,98000,33,si,si
SalHor-298,Salud y equipamento medico,Horbäach,DHT Advanced Hair Formula,Fórmula avanzada para el cabello,Frasco con 120 tabletas recubiertas,115000,18,si,si
SalHor-332,Salud y equipamento medico,Horbäach,L-Theanine 400 mg,L-teanina,Frasco con 120 cápsulas,86000,44,si,si
SalHor-404,Salud y equipamento medico,Horbäach,Maca Root,Extracto de raíz de maca,Frasco con 120 cápsulas de liberación rápida,80000,9,si,si
SalHor-396,Salud y equipamento medico,Horbäach,Magnesium Bisglycinate 750mg,Bisglicinato de magnesio,Frasco con 120 cápsulas,90000,55,si,si
SalHor-200,Salud y equipamento medico,Horbäach,Magnesium Glycinate Buffered 1330 mg,Glicinato de magnesio amortiguado,Frasco con 250 cápsulas de liberación rápida,104637,23,si,si
SalHor-328,Salud y equipamento medico,Horbäach,Magnesium Malate 1800 mg,Malato de magnesio,Frasco con 250 comprimidos recubiertos,79720,0,si,no
SalHor-294,Salud y equipamento medico,Horbäach,Vitamin B-12 Methylcobalamin 5000 mcg,Vitamina B-12 metilcobalamina,Frasco con 120 tabletas de disolución rápida,58179,76,si,si
SalHor-330,Salud y equipamento medico,Horbäach,Vitamin K2 MK-7 + D3 Complex,Vitamina K2 MK-7 con D3,Frasco con 180 cápsulas blandas (softgels),59306,24,si,si
SalHor-405,Salud y equipamento medico,Horbäach,Zinc Picolinate 100 mg,Picolinato de zinc,Frasco con 180 cápsulas,84726,22,si,si
SalBen-265,Salud y equipamento medico,Kenvue Brands LLC,BENGAY® Ultra Strength Non-Greasy Topical Pain Relief Cream,"Crema para el dolor muscular, ultra fuerte",Tubo de 113 g (4 oz),112000,59,si,si
SalKir-125,Salud y equipamento medico,Kirkland Signature,Acid Controller,Control de la acidez estomacal,Caja con 2 frascos de 125 tabletas (Total 250 tabletas),95000,5,si,si
SalKir-366,Salud y equipamento medico,Kirkland Signature,CoQ10 300 mg,Coenzima Q10,Frasco con 100 cápsulas blandas,97088,10,si,si
SalKir-283,Salud y equipamento medico,Kirkland Signature,Extra Strength Acetaminophen,Acetaminofén extra fuerte,Frasco con 500 caplets,90000,3,si,si
SalKir-367,Salud y equipamento medico,Kirkland Signature,Extra Strength D3,Vitamina D3 extra fuerte,Frasco con 600 cápsulas blandas,90000,37,si,si
SalKir-282,Salud y equipamento medico,Kirkland Signature,Low Dose Aspirin,Aspirina en dosis baja,"Caja con 2 frascos, cada uno con 365 tabletas (Total: 730 tabletas)",98000,23,si,si
SalKir-84,Salud y equipamento medico,Kirkland Signature,Sleep Aid,"Ayuda para dormir, succinato de doxilamina",96 tabletas,52940,34,si,si
SalLac-001,Salud y equipamento medico,LACTAID®,Fast Act Lactase Enzyme Supplement Caplets,Enzima lactasa para la intolerancia a la lactosa,Caja de 120 unidades,90000,54,si,si
SalNat-227,Salud y equipamento medico,Natural Vitality,CALM (Línea de suplementos),"",Polvo para preparar bebida o cápsulas,117000,0,si,no
SalNat-325,Salud y equipamento medico,Natural Vitality,CALM Magnesium Glycinate · 120 cápsulas,"Magnesio CALM en cápsulas, glicinato",Frasco con 120 cápsulas veganas,108225,7,si,si
SalNat-439,Salud y equipamento medico,Natural Vitality,CALM Magnesium Orange · 16 oz,"Magnesio CALM en polvo, sabor naranja",Envase de 16 oz (453 g),39329,30,si,si
SalNat-445,Salud y equipamento medico,Natural Vitality,CALM Magnesium Orange · 8 oz,"Magnesio CALM en polvo, sabor naranja",Frasco de 8 oz (aprox. 226 g),45500,6,si,si
SalNat-442,Salud y equipamento medico,Natural Vitality,CALM Magnesium Watermelon · 16 oz,"Magnesio CALM en polvo, sabor sandía",16 oz (453 g),41805,20,si,si
SalNat-438,Salud y equipamento medico,Natural Vitality,CALM Plus Calcium Original,"Magnesio CALM con calcio, sabor original",Envase en polvo de 8 oz (227 g),30800,55,si,si
SalNat-440,Salud y equipamento medico,Natural Vitality,CALM Plus Calcium Unflavored,"Magnesio CALM con calcio, sin sabor",Envase de 8 oz (227 g),24653,15,si,si
SalNat-453,Salud y equipamento medico,Natural Vitality,MaxCalm Magnesium Glycinate Drink Mix,"Magnesio MaxCalm en polvo, frambuesa y limón",Polvo (16 oz / 453 g),145600,1,si,si
SalNat-454,Salud y equipamento medico,Natural Vitality,MaxCalm Powder Unflavored,"Magnesio MaxCalm en polvo, sin sabor",16 oz (453 g),143260,35,si,si
SalNat-436,Salud y equipamento medico,NaturalSlim,MagicMag,Magnesio en polvo,Polvo para preparar bebida,149000,22,si,si
SalNat-441,Salud y equipamento medico,Nature's Bounty,"Biotin 10,000 mcg",Biotina,Frasco con 120 cápsulas blandas,82000,29,si,si
SalNat-207,Salud y equipamento medico,Nature's Bounty,Calcium Plus Vitamin D3,Calcio con vitamina D3,Frasco por 120 cápsulas blandas,86000,6,si,si
Belnat-408,Salud y equipamento medico,Nature's Bounty,"Extra Strength Hair, Skin & Nails · 150 cápsulas","Cabello, piel y uñas extra fuerte",Frasco con 150 cápsulas blandas,61420,0,si,no
SalNat-279,Salud y equipamento medico,Nature's Bounty,"Extra Strength Hair, Skin & Nails · 250 cápsulas","Cabello, piel y uñas extra fuerte",Frasco de 250 cápsulas blandas,115000,10,si,si
SalNat-170,Salud y equipamento medico,Nature's Bounty,"Hair, Skin & Nails Gummies","Cabello, piel y uñas en gomitas",Frasco por 80 gomitas,45500,1,si,si
SalNat-446,Salud y equipamento medico,Nature's Products,Cleanse Overnight Herbal & Mineral Formula,Fórmula herbal y mineral de limpieza nocturna,"Frasco con 60 cápsulas, 30 porciones",19170,15,si,si
SalNat-444,Salud y equipamento medico,Nature's Products,Kids Omega-3 Gummies,Omega-3 en gomitas para niños,120 gomitas,45500,10,si,si
SalNat-443,Salud y equipamento medico,Nature's Truth,Organic Apple Cider Vinegar Gummies,Vinagre de sidra de manzana en gomitas,Frasco con 120 gomitas,37299,32,si,si
SalNay-001,Salud y equipamento medico,Naypiny,Shilajit Pure Himalayan Organic Resin,Resina de shilajit del Himalaya,Frasco con 30 gramos,56598,11,si,si
SalNcd-317,Salud y equipamento medico,NCDUYDE,NAD+ Resveratrol Liposomal 1500 mg,NAD+ con resveratrol liposomal,Frasco con 120 cápsulas,84500,6,si,si
SalNeo-321,Salud y equipamento medico,NeoCell,Super Collagen Peptides,Péptidos de colágeno,Envase de 567 g (20 oz),188505,2,si,si
SalNew-302,Salud y equipamento medico,NewRhythm,50 Billion Probiotics,Probióticos de 50 mil millones,Frasco con 60 cápsulas vegetarianas,68877,9,si,si
SalNOW-333,Salud y equipamento medico,NOW Foods,Candida Support,Apoyo frente a la cándida,90 cápsulas vegetales,89000,0,si,no
SalNow-79,Salud y equipamento medico,NOW Foods,Magnesium 400 mg,Magnesio,180 cápsulas vegetales,83073,4,si,si
Salnow-442,Salud y equipamento medico,NOW Foods,NOW GABA 500 mg with Vitamin B-6,GABA con vitamina B-6,100 cápsulas vegetales,54504,10,si,si
Salnow-405,Salud y equipamento medico,NOW Foods,NOW Inositol 500 mg,Inositol,Frasco con 100 cápsulas vegetales,47194,25,si,si
SalNOW-319,Salud y equipamento medico,NOW Foods,Ultra Omega-3 (Fish Oil),Omega-3 de aceite de pescado,180 cápsulas blandas,126122,0,si,no
SalNow-123,Salud y equipamento medico,NOW Foods,Vitamin D-3 & K-2,Vitamina D-3 con K-2,Frasco con 120 cápsulas vegetales,49057,9,si,si
SalNow-329,Salud y equipamento medico,NOW Foods,"Vitamin D-3 High Potency 5,000 IU",Vitamina D-3 de alta potencia,Frasco con 120 cápsulas blandas,31721,57,si,si
SalOpt-105,Salud y equipamento medico,Optimum Nutrition,Micronized Creatine Powder,Creatina micronizada en polvo,Envase de 300 g,109460,8,si,si
SalPip-322,Salud y equipamento medico,Piping Rock,B-Complex Liquid Plus B-12 Sublingual,Complejo B líquido con B-12 sublingual,Frasco de 59 mL (2 fl oz) con gotero,68000,1,si,si
SalPip-458,Salud y equipamento medico,Piping Rock,Colon Care Probiotic 80 Billion CFU,"Probiótico para el colon, 80 mil millones UFC",Frasco con 60 cápsulas vegetales de liberación retardada,55000,13,si,si
SalPip-459,Salud y equipamento medico,Piping Rock,Creatine Monohydrate 3500 mg,Creatina monohidratada,Frasco con 120 cápsulas de liberación rápida,100000,4,si,si
SalPip-268,Salud y equipamento medico,Piping Rock,DHT Blocker for Men & Women,Bloqueador de DHT para hombres y mujeres,Frasco con 60 tabletas recubiertas,80000,26,si,si
Salpip-412,Salud y equipamento medico,Piping Rock,Fenugreek 2000 mg,Alholva o fenogreco,Frasco de 100 cápsulas de liberación rápida,70000,25,si,si
SalPip-460,Salud y equipamento medico,Piping Rock,Fenugreek Tea,Té de alholva,Caja con 60 bolsas de té,60000,24,si,si
SalPip-457,Salud y equipamento medico,Piping Rock,Folic Acid 400 mcg,Ácido fólico,Frasco con 250 tabletas vegetarianas,45000,35,si,si
Salpip-410,Salud y equipamento medico,Piping Rock,GABA 750 mg,Ácido gamma-aminobutírico,100 cápsulas de liberación rápida,70000,29,si,si
Salpip-416,Salud y equipamento medico,Piping Rock,"Max Biotin 10,000 mcg",Biotina de máxima potencia,Frasco con 90 tabletas de disolución rápida,39200,15,si,si
SalPip-345,Salud y equipamento medico,Piping Rock,Mega Multiple for Men,Multivitamínico para hombre,Frasco con 90 capletas recubiertas,25461,0,si,no
SalPip-461,Salud y equipamento medico,Piping Rock,Melatonin Plus Ashwagandha 10 mg,Melatonina con ashwagandha,Frasco de 120 cápsulas,32500,5,si,si
Salpip-411,Salud y equipamento medico,Piping Rock,Methylcobalamin B-12 Sublingual 1000 mcg,Metilcobalamina B-12 sublingual,Frasco con 120 tabletas de disolución rápida,49457,0,si,no
SalPip-323,Salud y equipamento medico,Piping Rock,Oil of Oregano (Organic),Aceite de orégano orgánico en gotas,2 fl oz (59 mL),67000,27,si,si
SalPip-323-CLA,Salud y equipamento medico,Piping Rock,Oil of Oregano (Organic),Aceite de orégano orgánico en gotas,Frasco con gotero de 2 fl oz (59 mL) — ficha duplicada,61500,"",si,si
SalPip-323-ESP,Salud y equipamento medico,Piping Rock,Oil of Oregano (Organic),Aceite de orégano orgánico en gotas,Frasco con gotero de 2 fl oz (59 mL),61500,"",si,si
SalPip-456,Salud y equipamento medico,Piping Rock,Oil of Oregano 4000 mg · 150 cápsulas,Aceite de orégano,150 cápsulas blandas,75000,0,si,no
BelPip-297,Salud y equipamento medico,Piping Rock,Oil of Oregano 4000 mg · 200 cápsulas,Aceite de orégano,Frasco con 200 cápsulas blandas,60000,13,si,si
SalPip-316,Salud y equipamento medico,Piping Rock,Organic Spirulina 1000 mg,Espirulina orgánica,Frasco con 300 tabletas vegetales,55589,0,si,no
SalCom-188,Salud y equipamento medico,Piping Rock,Resveratrol Complex,Complejo de resveratrol,Frasco con 180 cápsulas,96676,0,si,no
SalPip-321,Salud y equipamento medico,Piping Rock,Ultra Pet Vitamins,Vitaminas para mascotas,Frasco con 120 tabletas masticables,66429,4,si,si
SalPur-242,Salud y equipamento medico,Puritan's Pride,"Ultra Mega Biotin 10,000 mcg",Biotina ultra concentrada,Frasco con 50 cápsulas blandas (softgels),26263,18,si,si
SalPur-452,Salud y equipamento medico,Puritan's Pride,Zinc for Acne,Zinc para el acné,Frasco con 100 tabletas,27300,1,si,si
SalNat-150,Salud y equipamento medico,Rainbow Light,"Probiolicious Probiotic Gummies, Berry Flavor","Probióticos en gomitas, sabor frutos rojos",Frasco con 50 gomitas,13430,4,si,si
SalSal-001,Salud y equipamento medico,SaltStick,Electrolyte Capsules,Cápsulas de electrolitos,Frasco por 100 cápsulas vegetales,117549,11,si,si
SalSpr-393,Salud y equipamento medico,Spring Valley,Astaxanthin Dietary Supplement Softgels,Astaxantina,Frasco con 30 cápsulas blandas,70000,3,si,si
SalSpr-339,Salud y equipamento medico,Spring Valley,Extra Strength Biotin Plus Keratin,Biotina extra fuerte con queratina,Frasco con 60 tabletas,50000,23,si,si
SalSpr-199,Salud y equipamento medico,Spring Valley,L-Lysine 1000 mg,L-lisina,Frasco con 100 tabletas,33030,31,si,si
SalSpr-395,Salud y equipamento medico,Spring Valley,Shilajit 50% Fulvic Acid,Shilajit al 50% de ácido fúlvico,Frasco con 60 cápsulas vegetarianas,50436,11,si,si
SalSpr-389,Salud y equipamento medico,Spring Valley,"Ultra Strength Vitamin C 2,000 mg",Vitamina C ultra concentrada,Frasco con 120 cápsulas,56479,8,si,si
SalSpr-238,Salud y equipamento medico,Spring Valley,Vitamina E 400 IU,"",Frasco con 100 cápsulas blandas,37317,12,si,si
SalNat-447,Salud y equipamento medico,Vitafusion,"Hair, Skin & Nails Multivitamin Gummy","Multivitamínico en gomitas para cabello, piel y uñas",Frasco con 100 gomitas,28651,11,si,si
SalVit-208,Salud y equipamento medico,Vitafusion,PreNatal Raspberry Lemonade,"Prenatal en gomitas, frambuesa y limonada",Envase con 90 gomitas (45 porciones),76122,6,si,si
SalVit-280,Salud y equipamento medico,Vital Proteins,Collagen Peptides Unflavored · 264 g,Péptidos de colágeno sin sabor,264 gramos,145000,42,si,si
SalVit-48-24,Salud y equipamento medico,Vital Proteins,Collagen Peptides Unflavored · 680 g,Péptidos de colágeno sin sabor,680 gramos (24 oz),191467,4,si,si
SalWho-001,Salud y equipamento medico,Wholesome Story,Myo-Inositol & D-Chiro Inositol,Mio-inositol con D-quiro-inositol,Frasco con 120 cápsulas vegetales,144414,16,si,si
